[{"inputs":[{"internalType":"address","name":"_token","type":"address"},{"internalType":"address","name":"_lzEndpoint","type":"address"}],"stateMutability":"nonpayable","type":"constructor"},{"anonymous":false,"inputs":[{"indexed":true,"internalType":"uint16","name":"_srcChainId","type":"uint16"},{"indexed":false,"internalType":"bytes","name":"_srcAddress","type":"bytes"},{"indexed":false,"internalType":"uint64","name":"_nonce","type":"uint64"},{"indexed":false,"internalType":"bytes32","name":"_hash","type":"bytes32"}],"name":"CallOFTReceivedSuccess","type":"event"},{"anonymous":false,"inputs":[{"indexed":false,"internalType":"uint16","name":"_srcChainId","type":"uint16"},{"indexed":false,"internalType":"bytes","name":"_srcAddress","type":"bytes"},{"indexed":false,"internalType":"uint64","name":"_nonce","type":"uint64"},{"indexed":false,"internalType":"bytes","name":"_payload","type":"bytes"},{"indexed":false,"internalType":"bytes","name":"_reason","type":"bytes"}],"name":"MessageFailed","type":"event"},{"anonymous":false,"inputs":[{"indexed":false,"internalType":"address","name":"_address","type":"address"}],"name":"NonContractAddress","type":"event"},{"anonymous":false,"inputs":[{"indexed":true,"internalType":"address","name":"previousOwner","type":"address"},{"indexed":true,"internalType":"address","name":"newOwner","type":"address"}],"name":"OwnershipTransferred","type":"event"},{"anonymous":false,"inputs":[{"indexed":true,"internalType":"uint16","name":"_srcChainId","type":"uint16"},{"indexed":true,"internalType":"address","name":"_to","type":"address"},{"indexed":false,"internalType":"uint256","name":"_amount","type":"uint256"}],"name":"ReceiveFromChain","type":"event"},{"anonymous":false,"inputs":[{"indexed":false,"internalType":"uint16","name":"_srcChainId","type":"uint16"},{"indexed":false,"internalType":"bytes","name":"_srcAddress","type":"bytes"},{"indexed":false,"internalType":"uint64","name":"_nonce","type":"uint64"},{"indexed":false,"internalType":"bytes32","name":"_payloadHash","type":"bytes32"}],"name":"RetryMessageSuccess","type":"event"},{"anonymous":false,"inputs":[{"indexed":true,"internalType":"uint16","name":"_dstChainId","type":"uint16"},{"indexed":true,"internalType":"address","name":"_from","type":"address"},{"indexed":true,"internalType":"bytes32","name":"_toAddress","type":"bytes32"},{"indexed":false,"internalType":"uint256","name":"_amount","type":"uint256"}],"name":"SendToChain","type":"event"},{"anonymous":false,"inputs":[{"indexed":false,"internalType":"uint16","name":"feeBp","type":"uint16"}],"name":"SetDefaultFeeBp","type":"event"},{"anonymous":false,"inputs":[{"indexed":false,"internalType":"uint16","name":"dstchainId","type":"uint16"},{"indexed":false,"internalType":"bool","name":"enabled","type":"bool"},{"indexed":false,"internalType":"uint16","name":"feeBp","type":"uint16"}],"name":"SetFeeBp","type":"event"},{"anonymous":false,"inputs":[{"indexed":false,"internalType":"address","name":"feeOwner","type":"address"}],"name":"SetFeeOwner","type":"event"},{"anonymous":false,"inputs":[{"indexed":false,"internalType":"uint16","name":"_dstChainId","type":"uint16"},{"indexed":false,"internalType":"uint16","name":"_type","type":"uint16"},{"indexed":false,"internalType":"uint256","name":"_minDstGas","type":"uint256"}],"name":"SetMinDstGas","type":"event"},{"anonymous":false,"inputs":[{"indexed":false,"internalType":"address","name":"precrime","type":"address"}],"name":"SetPrecrime","type":"event"},{"anonymous":false,"inputs":[{"indexed":false,"internalType":"uint16","name":"_remoteChainId","type":"uint16"},{"indexed":false,"internalType":"bytes","name":"_path","type":"bytes"}],"name":"SetTrustedRemote","type":"event"},{"anonymous":false,"inputs":[{"indexed":false,"internalType":"uint16","name":"_remoteChainId","type":"uint16"},{"indexed":false,"internalType":"bytes","name":"_remoteAddress","type":"bytes"}],"name":"SetTrustedRemoteAddress","type":"event"},{"anonymous":false,"inputs":[{"indexed":false,"internalType":"bool","name":"_useCustomAdapterParams","type":"bool"}],"name":"SetUseCustomAdapterParams","type":"event"},{"inputs":[],"name":"BP_DENOMINATOR","outputs":[{"internalType":"uint256","name":"","type":"uint256"}],"stateMutability":"view","type":"function"},{"inputs":[],"name":"NO_EXTRA_GAS","outputs":[{"internalType":"uint256","name":"","type":"uint256"}],"stateMutability":"view","type":"function"},{"inputs":[],"name":"PT_SEND","outputs":[{"internalType":"uint8","name":"","type":"uint8"}],"stateMutability":"view","type":"function"},{"inputs":[],"name":"PT_SEND_AND_CALL","outputs":[{"internalType":"uint8","name":"","type":"uint8"}],"stateMutability":"view","type":"function"},{"inputs":[{"internalType":"uint16","name":"_srcChainId","type":"uint16"},{"internalType":"bytes","name":"_srcAddress","type":"bytes"},{"internalType":"uint64","name":"_nonce","type":"uint64"},{"internalType":"bytes32","name":"_from","type":"bytes32"},{"internalType":"address","name":"_to","type":"address"},{"internalType":"uint256","name":"_amount","type":"uint256"},{"internalType":"bytes","name":"_payload","type":"bytes"},{"internalType":"uint256","name":"_gasForCall","type":"uint256"}],"name":"callOnOFTReceived","outputs":[],"stateMutability":"nonpayable","type":"function"},{"inputs":[{"internalType":"uint16","name":"","type":"uint16"}],"name":"chainIdToFeeBps","outputs":[{"internalType":"uint16","name":"feeBP","type":"uint16"},{"internalType":"bool","name":"enabled","type":"bool"}],"stateMutability":"view","type":"function"},{"inputs":[],"name":"circulatingSupply","outputs":[{"internalType":"uint256","name":"","type":"uint256"}],"stateMutability":"view","type":"function"},{"inputs":[{"internalType":"uint16","name":"","type":"uint16"},{"internalType":"bytes","name":"","type":"bytes"},{"internalType":"uint64","name":"","type":"uint64"}],"name":"creditedPackets","outputs":[{"internalType":"bool","name":"","type":"bool"}],"stateMutability":"view","type":"function"},{"inputs":[],"name":"defaultFeeBp","outputs":[{"internalType":"uint16","name":"","type":"uint16"}],"stateMutability":"view","type":"function"},{"inputs":[{"internalType":"uint16","name":"_dstChainId","type":"uint16"},{"internalType":"bytes32","name":"_toAddress","type":"bytes32"},{"internalType":"uint256","name":"_amount","type":"uint256"},{"internalType":"bytes","name":"_payload","type":"bytes"},{"internalType":"uint64","name":"_dstGasForCall","type":"uint64"},{"internalType":"bool","name":"_useZro","type":"bool"},{"internalType":"bytes","name":"_adapterParams","type":"bytes"}],"name":"estimateSendAndCallFee","outputs":[{"internalType":"uint256","name":"nativeFee","type":"uint256"},{"internalType":"uint256","name":"zroFee","type":"uint256"}],"stateMutability":"view","type":"function"},{"inputs":[{"internalType":"uint16","name":"_dstChainId","type":"uint16"},{"internalType":"bytes32","name":"_toAddress","type":"bytes32"},{"internalType":"uint256","name":"_amount","type":"uint256"},{"internalType":"bool","name":"_useZro","type":"bool"},{"internalType":"bytes","name":"_adapterParams","type":"bytes"}],"name":"estimateSendFee","outputs":[{"internalType":"uint256","name":"nativeFee","type":"uint256"},{"internalType":"uint256","name":"zroFee","type":"uint256"}],"stateMutability":"view","type":"function"},{"inputs":[{"internalType":"uint16","name":"","type":"uint16"},{"internalType":"bytes","name":"","type":"bytes"},{"internalType":"uint64","name":"","type":"uint64"}],"name":"failedMessages","outputs":[{"internalType":"bytes32","name":"","type":"bytes32"}],"stateMutability":"view","type":"function"},{"inputs":[],"name":"feeOwner","outputs":[{"internalType":"address","name":"","type":"address"}],"stateMutability":"view","type":"function"},{"inputs":[{"internalType":"uint16","name":"_srcChainId","type":"uint16"},{"internalType":"bytes","name":"_srcAddress","type":"bytes"}],"name":"forceResumeReceive","outputs":[],"stateMutability":"nonpayable","type":"function"},{"inputs":[{"internalType":"uint16","name":"_version","type":"uint16"},{"internalType":"uint16","name":"_chainId","type":"uint16"},{"internalType":"address","name":"","type":"address"},{"internalType":"uint256","name":"_configType","type":"uint256"}],"name":"getConfig","outputs":[{"internalType":"bytes","name":"","type":"bytes"}],"stateMutability":"view","type":"function"},{"inputs":[{"internalType":"uint16","name":"_remoteChainId","type":"uint16"}],"name":"getTrustedRemoteAddress","outputs":[{"internalType":"bytes","name":"","type":"bytes"}],"stateMutability":"view","type":"function"},{"inputs":[{"internalType":"uint16","name":"_srcChainId","type":"uint16"},{"internalType":"bytes","name":"_srcAddress","type":"bytes"}],"name":"isTrustedRemote","outputs":[{"internalType":"bool","name":"","type":"bool"}],"stateMutability":"view","type":"function"},{"inputs":[],"name":"lzEndpoint","outputs":[{"internalType":"contract ILayerZeroEndpoint","name":"","type":"address"}],"stateMutability":"view","type":"function"},{"inputs":[{"internalType":"uint16","name":"_srcChainId","type":"uint16"},{"internalType":"bytes","name":"_srcAddress","type":"bytes"},{"internalType":"uint64","name":"_nonce","type":"uint64"},{"internalType":"bytes","name":"_payload","type":"bytes"}],"name":"lzReceive","outputs":[],"stateMutability":"nonpayable","type":"function"},{"inputs":[{"internalType":"uint16","name":"","type":"uint16"},{"internalType":"uint16","name":"","type":"uint16"}],"name":"minDstGasLookup","outputs":[{"internalType":"uint256","name":"","type":"uint256"}],"stateMutability":"view","type":"function"},{"inputs":[{"internalType":"uint16","name":"_srcChainId","type":"uint16"},{"internalType":"bytes","name":"_srcAddress","type":"bytes"},{"internalType":"uint64","name":"_nonce","type":"uint64"},{"internalType":"bytes","name":"_payload","type":"bytes"}],"name":"nonblockingLzReceive","outputs":[],"stateMutability":"nonpayable","type":"function"},{"inputs":[],"name":"outboundAmount","outputs":[{"internalType":"uint256","name":"","type":"uint256"}],"stateMutability":"view","type":"function"},{"inputs":[],"name":"owner","outputs":[{"internalType":"address","name":"","type":"address"}],"stateMutability":"view","type":"function"},{"inputs":[],"name":"precrime","outputs":[{"internalType":"address","name":"","type":"address"}],"stateMutability":"view","type":"function"},{"inputs":[{"internalType":"uint16","name":"_dstChainId","type":"uint16"},{"internalType":"uint256","name":"_amount","type":"uint256"}],"name":"quoteOFTFee","outputs":[{"internalType":"uint256","name":"fee","type":"uint256"}],"stateMutability":"view","type":"function"},{"inputs":[],"name":"renounceOwnership","outputs":[],"stateMutability":"nonpayable","type":"function"},{"inputs":[{"internalType":"uint16","name":"_srcChainId","type":"uint16"},{"internalType":"bytes","name":"_srcAddress","type":"bytes"},{"internalType":"uint64","name":"_nonce","type":"uint64"},{"internalType":"bytes","name":"_payload","type":"bytes"}],"name":"retryMessage","outputs":[],"stateMutability":"payable","type":"function"},{"inputs":[{"internalType":"address","name":"_from","type":"address"},{"internalType":"uint16","name":"_dstChainId","type":"uint16"},{"internalType":"bytes32","name":"_toAddress","type":"bytes32"},{"internalType":"uint256","name":"_amount","type":"uint256"},{"internalType":"uint256","name":"_minAmount","type":"uint256"},{"internalType":"bytes","name":"_payload","type":"bytes"},{"internalType":"uint64","name":"_dstGasForCall","type":"uint64"},{"components":[{"internalType":"address payable","name":"refundAddress","type":"address"},{"internalType":"address","name":"zroPaymentAddress","type":"address"},{"internalType":"bytes","name":"adapterParams","type":"bytes"}],"internalType":"struct ICommonOFT.LzCallParams","name":"_callParams","type":"tuple"}],"name":"sendAndCall","outputs":[],"stateMutability":"payable","type":"function"},{"inputs":[{"internalType":"address","name":"_from","type":"address"},{"internalType":"uint16","name":"_dstChainId","type":"uint16"},{"internalType":"bytes32","name":"_toAddress","type":"bytes32"},{"internalType":"uint256","name":"_amount","type":"uint256"},{"internalType":"uint256","name":"_minAmount","type":"uint256"},{"components":[{"internalType":"address payable","name":"refundAddress","type":"address"},{"internalType":"address","name":"zroPaymentAddress","type":"address"},{"internalType":"bytes","name":"adapterParams","type":"bytes"}],"internalType":"struct ICommonOFT.LzCallParams","name":"_callParams","type":"tuple"}],"name":"sendFrom","outputs":[],"stateMutability":"payable","type":"function"},{"inputs":[{"internalType":"uint16","name":"_version","type":"uint16"},{"internalType":"uint16","name":"_chainId","type":"uint16"},{"internalType":"uint256","name":"_configType","type":"uint256"},{"internalType":"bytes","name":"_config","type":"bytes"}],"name":"setConfig","outputs":[],"stateMutability":"nonpayable","type":"function"},{"inputs":[{"internalType":"uint16","name":"_feeBp","type":"uint16"}],"name":"setDefaultFeeBp","outputs":[],"stateMutability":"nonpayable","type":"function"},{"inputs":[{"internalType":"uint16","name":"_dstChainId","type":"uint16"},{"internalType":"bool","name":"_enabled","type":"bool"},{"internalType":"uint16","name":"_feeBp","type":"uint16"}],"name":"setFeeBp","outputs":[],"stateMutability":"nonpayable","type":"function"},{"inputs":[{"internalType":"address","name":"_feeOwner","type":"address"}],"name":"setFeeOwner","outputs":[],"stateMutability":"nonpayable","type":"function"},{"inputs":[{"internalType":"uint16","name":"_dstChainId","type":"uint16"},{"internalType":"uint16","name":"_packetType","type":"uint16"},{"internalType":"uint256","name":"_minGas","type":"uint256"}],"name":"setMinDstGas","outputs":[],"stateMutability":"nonpayable","type":"function"},{"inputs":[{"internalType":"address","name":"_precrime","type":"address"}],"name":"setPrecrime","outputs":[],"stateMutability":"nonpayable","type":"function"},{"inputs":[{"internalType":"uint16","name":"_version","type":"uint16"}],"name":"setReceiveVersion","outputs":[],"stateMutability":"nonpayable","type":"function"},{"inputs":[{"internalType":"uint16","name":"_version","type":"uint16"}],"name":"setSendVersion","outputs":[],"stateMutability":"nonpayable","type":"function"},{"inputs":[{"internalType":"uint16","name":"_srcChainId","type":"uint16"},{"internalType":"bytes","name":"_path","type":"bytes"}],"name":"setTrustedRemote","outputs":[],"stateMutability":"nonpayable","type":"function"},{"inputs":[{"internalType":"uint16","name":"_remoteChainId","type":"uint16"},{"internalType":"bytes","name":"_remoteAddress","type":"bytes"}],"name":"setTrustedRemoteAddress","outputs":[],"stateMutability":"nonpayable","type":"function"},{"inputs":[{"internalType":"bool","name":"_useCustomAdapterParams","type":"bool"}],"name":"setUseCustomAdapterParams","outputs":[],"stateMutability":"nonpayable","type":"function"},{"inputs":[],"name":"sharedDecimals","outputs":[{"internalType":"uint8","name":"","type":"uint8"}],"stateMutability":"view","type":"function"},{"inputs":[{"internalType":"bytes4","name":"interfaceId","type":"bytes4"}],"name":"supportsInterface","outputs":[{"internalType":"bool","name":"","type":"bool"}],"stateMutability":"view","type":"function"},{"inputs":[],"name":"token","outputs":[{"internalType":"address","name":"","type":"address"}],"stateMutability":"view","type":"function"},{"inputs":[{"internalType":"address","name":"newOwner","type":"address"}],"name":"transferOwnership","outputs":[],"stateMutability":"nonpayable","type":"function"},{"inputs":[{"internalType":"uint16","name":"","type":"uint16"}],"name":"trustedRemoteLookup","outputs":[{"internalType":"bytes","name":"","type":"bytes"}],"stateMutability":"view","type":"function"},{"inputs":[],"name":"useCustomAdapterParams","outputs":[{"internalType":"bool","name":"","type":"bool"}],"stateMutability":"view","type":"function"}]
